promo_name,gross,disc,rate
(no promo),31130698.81867577,832337.81643811,0.026736881856914117
Black Friday / Cyber Monday 2025,2083197.9844028198,395008.61500121,0.18961645410503083
Black Friday / Cyber Monday 2024,781646.07,138474.32,0.17715731622625572
Holiday Countdown 2025,760221.0168844699,91796.74646383,0.12075007718154189
Spring Tech Days 2026,600106.6280805599,65783.25007374,0.1096192693024365
Mid-Year Sale 2025,534309.15500576,78341.13347117,0.1466213571997011
Spring Tech Days 2025,276083.38721868,31099.86656088,0.11264664228509495
Holiday Countdown 2024,165780.95,20046.29,0.12092034700006243
Mid-Year Sale 2024,144912.09999999998,20419.14,0.1409070740124531
